program_product_cd,country_nm,mnth,users
SMB,Iraq,2022-07-01,6
SMB,Gabon,2022-06-01,1
SMB,Greenland,2022-09-01,4
SMB,United Kingdom,2022-09-01,14966
SMB,Norway,2022-09-01,503
MPL,Netherlands,2022-08-01,847290
SMB,Trinidad and Tobago,2022-06-01,1
MPL,Uzbekistan,2022-09-01,26477
SMB,Fiji,2022-08-01,1
MPL,El Salvador,2022-06-01,18
MPL,North Korea,2022-07-01,1
MPL,Gabon,2022-07-01,20
SMB,Kuwait,2022-08-01,1
MPL,United States,2022-08-01,599642
MPL,Anguilla,2022-07-01,0
MPL,Iraq,2022-06-01,524
SMB,Ghana,2022-07-01,11
MPL,Honduras,2022-06-01,16
SMB,Zimbabwe,2022-07-01,2
SMB,Singapore,2022-07-01,3129
SMB,Kyrgyzstan,2022-09-01,1104
MPL,Panama,2022-08-01,240
MPL,Ghana,2022-06-01,255
MPL,Israel,2022-09-01,18166
MPL,Barbados,2022-09-01,16
SMB,Luxembourg,2022-08-01,574
MPL,Hong Kong,2022-09-01,14074
MPL,Mozambique,2022-08-01,44
MPL,Equatorial Guinea,2022-07-01,9
MPL,Austria,2022-07-01,21911
MPL,Chad,2022-09-01,11
MPL,Trinidad and Tobago,2022-09-01,9
MPL,Croatia,2022-06-01,1551
MPL,Saudi Arabia,2022-09-01,20491
MPL,Guyana,2022-06-01,32
SMB,Kenya,2022-09-01,19
SMB,Croatia,2022-07-01,196
MPL,Benin,2022-08-01,38
MPL,Belarus,2022-08-01,79081
SMB,Austria,2022-06-01,1523
SMB,Denmark,2022-08-01,953
MPL,Pakistan,2022-09-01,139
MPL,Somalia,2022-09-01,13
SMB,Vietnam,2022-07-01,129
SMB,Slovenia,2022-09-01,94
SMB,Iran,2022-07-01,25
SMB,Mexico,2022-07-01,169
MPL,Afghanistan,2022-09-01,59
MPL,Guinea-Bissau,2022-06-01,9
SMB,Zambia,2022-06-01,1
SMB,Ecuador,2022-08-01,9
SMB,Martinique,2022-06-01,2
MPL,Malaysia,2022-08-01,2929
MPL,Mexico,2022-06-01,2951
MPL,Bulgaria,2022-06-01,21615
MPL,Djibouti,2022-08-01,5
MPL,Vietnam,2022-06-01,2432
MPL,Iran,2022-06-01,383
MPL,Serbia,2022-08-01,18331
MPL,Zambia,2022-07-01,32
MPL,Tajikistan,2022-07-01,10303
SMB,Belgium,2022-07-01,1757
MPL,Argentina,2022-06-01,1733
SMB,Tunisia,2022-08-01,17
SMB,Afghanistan,2022-08-01,5
MPL,Jamaica,2022-08-01,39
MPL,Belgium,2022-06-01,68368
SMB,South Korea,2022-07-01,288
MPL,Colombia,2022-06-01,541
MPL,Myanmar (Burma),2022-06-01,29
MPL,XX,2022-07-01,2
MPL,Spain,2022-09-01,47561
SMB,Ivory Coast,2022-07-01,4
SMB,Libya,2022-07-01,2
SMB,Monaco,2022-07-01,29
MPL,Malawi,2022-06-01,2
MPL,Dominica,2022-09-01,2
SMB,Saudi Arabia,2022-08-01,276
SMB,Ukraine,2022-06-01,8578
MPL,Cameroon,2022-09-01,43
MPL,Monaco,2022-06-01,195
SMB,India,2022-08-01,455
MPL,Libya,2022-06-01,35
SMB,Armenia,2022-09-01,1783
MPL,Bhutan,2022-09-01,14
MPL,Liberia,2022-06-01,4
MPL,Ukraine,2022-07-01,232143
SMB,Palestine,2022-06-01,1
SMB,Costa Rica,2022-07-01,11
MPL,Czech Republic,2022-07-01,20211
MPL,Laos,2022-09-01,68
MPL,Turks and Caicos Islands,2022-06-01,4
MPL,Cayman Islands,2022-07-01,11
SMB,Nepal,2022-06-01,8
MPL,Luxembourg,2022-09-01,27734
SMB,Maldives,2022-06-01,359
MPL,Kyrgyzstan,2022-08-01,24264
MPL,Nepal,2022-07-01,147
SMB,Hong Kong,2022-08-01,305
SMB,Guatemala,2022-07-01,4
MPL,United Kingdom,2022-08-01,645019
MPL,Belize,2022-08-01,55
SMB,Bangladesh,2022-06-01,9
MPL,Albania,2022-08-01,895
MPL,St. Vincent & Grenadines,2022-06-01,3
SMB,Italy,2022-07-01,2461
SMB,R?union,2022-06-01,1
SMB,Netherlands,2022-09-01,20100
MPL,Vatican City,2022-09-01,1
SMB,Venezuela,2022-07-01,10
MPL,Turkey,2022-06-01,125303
MPL,Bahamas,2022-07-01,66
SMB,Bahrain,2022-07-01,20
MPL,Greenland,2022-08-01,27
MPL,U.S. Virgin Islands,2022-08-01,4
SMB,Uzbekistan,2022-08-01,680
MPL,Burundi,2022-06-01,3
MPL,Bahrain,2022-06-01,461
SMB,United States,2022-09-01,13662
MPL,Italy,2022-06-01,86535
SMB,Bahamas,2022-06-01,17
SMB,Turkey,2022-07-01,9288
MPL,R?union,2022-07-01,9
SMB,Namibia,2022-08-01,1
SMB,Ireland,2022-07-01,778
MPL,Mauritania,2022-09-01,30
SMB,Yemen,2022-08-01,2
MPL,Swaziland,2022-08-01,6
SMB,Greece,2022-06-01,377
MPL,Ireland,2022-06-01,11628
SMB,Cape Verde,2022-07-01,1
MPL,French Polynesia,2022-08-01,1
MPL,Greece,2022-07-01,5856
MPL,Jersey,2022-08-01,49
MPL,Lithuania,2022-07-01,17571
MPL,Macau,2022-09-01,40
SMB,Dominican Republic,2022-08-01,19
SMB,Kazakhstan,2022-06-01,2299
SMB,Czechia,2022-08-01,1
MPL,Grenada,2022-08-01,3
MPL,Bosnia and Herzegovina,2022-08-01,506
SMB,?land Islands,2022-08-01,4
MPL,Thailand,2022-06-01,9879
SMB,Madagascar,2022-09-01,1
SMB,Isle of Man,2022-09-01,9
SMB,Slovakia,2022-07-01,888
SMB,South Africa,2022-08-01,835
SMB,Australia,2022-08-01,351
MPL,Rwanda,2022-07-01,19
SMB,United Arab Emirates,2022-08-01,1216
MPL,Puerto Rico,2022-07-01,54
MPL,Montenegro,2022-06-01,6399
SMB,Uganda,2022-07-01,11
SMB,Cambodia,2022-07-01,6
MPL,Saint Lucia,2022-08-01,3
MPL,Azerbaijan,2022-07-01,10617
MPL,null,2022-06-01,11
SMB,Turkmenistan,2022-06-01,6
SMB,Rwanda,2022-06-01,1
SMB,Pakistan,2022-08-01,7
MPL,Uganda,2022-06-01,282
MPL,Russia,2022-09-01,17047590
MPL,Romania,2022-09-01,13621
SMB,Cuba,2022-08-01,3
MPL,Sweden,2022-07-01,251593
MPL,Slovenia,2022-08-01,1928
SMB,Malaysia,2022-09-01,81
SMB,Seychelles,2022-07-01,57
SMB,Sweden,2022-06-01,12392
SMB,British Virgin Islands,2022-07-01,1
MPL,Andorra,2022-09-01,350
MPL,Syria,2022-08-01,377
MPL,Qatar,2022-06-01,765
SMB,Mongolia,2022-07-01,73
MPL,Ethiopia,2022-07-01,52
MPL,Burkina Faso,2022-07-01,17
SMB,Cyprus,2022-08-01,681
MPL,Sudan,2022-08-01,71
SMB,Lebanon,2022-08-01,4
SMB,Qatar,2022-07-01,35
MPL,South Africa,2022-09-01,5604
SMB,Cameroon,2022-08-01,1
MPL,South Sudan,2022-08-01,50
MPL,Botswana,2022-09-01,26
SMB,Egypt,2022-07-01,396
MPL,Haiti,2022-09-01,6
SMB,null,2022-06-01,0
SMB,Iceland,2022-06-01,33
MPL,Australia,2022-09-01,7195
MPL,Japan,2022-09-01,34120
MPL,Central African Republic,2022-07-01,54
MPL,Tanzania,2022-07-01,208
MPL,Iceland,2022-07-01,576
MPL,Egypt,2022-06-01,6430
MPL,New Zealand,2022-07-01,586
MPL,Uruguay,2022-08-01,138
MPL,Papua New Guinea,2022-07-01,11
MPL,Morocco,2022-09-01,1170
SMB,Canada,2022-07-01,2190
SMB,France,2022-08-01,18680
MPL,?land Islands,2022-09-01,19
SMB,Estonia,2022-07-01,3284
MPL,Canada,2022-06-01,24891
MPL,Estonia,2022-06-01,48885
MPL,Mali,2022-06-01,40
MPL,Switzerland,2022-06-01,31702
MPL,Isle of Man,2022-08-01,58
SMB,Indonesia,2022-07-01,842
MPL,Madagascar,2022-08-01,22
MPL,Sri Lanka,2022-06-01,1283
MPL,Paraguay,2022-06-01,69
MPL,Georgia,2022-09-01,60463
SMB,Angola,2022-08-01,2
SMB,Philippines,2022-06-01,37
MPL,Faroe Islands,2022-06-01,31
MPL,Dominican Republic,2022-09-01,365
SMB,Cuba,2022-06-01,2
SMB,Syria,2022-07-01,9
SMB,Nigeria,2022-09-01,5
SMB,Bosnia and Herzegovina,2022-09-01,7
SMB,Mongolia,2022-08-01,67
MPL,Syria,2022-06-01,453
SMB,Sweden,2022-08-01,11527
MPL,Cuba,2022-07-01,161
MPL,Ethiopia,2022-08-01,132
MPL,Montenegro,2022-08-01,8282
SMB,United Arab Emirates,2022-06-01,1497
MPL,American Samoa,2022-06-01,1
SMB,Australia,2022-06-01,399
MPL,Papua New Guinea,2022-08-01,7
SMB,South Africa,2022-06-01,570
MPL,Saint Lucia,2022-06-01,2
MPL,Latvia,2022-09-01,48736
SMB,Cameroon,2022-07-01,2
MPL,null,2022-08-01,4
MPL,Tanzania,2022-08-01,250
SMB,Turkmenistan,2022-08-01,2
MPL,Central African Republic,2022-08-01,53
SMB,Peru,2022-09-01,14
SMB,Rwanda,2022-08-01,1
MPL,Uganda,2022-08-01,1087
SMB,?land Islands,2022-06-01,2
MPL,Jersey,2022-06-01,52
MPL,Bosnia and Herzegovina,2022-06-01,374
SMB,Kazakhstan,2022-08-01,2406
SMB,Dominican Republic,2022-06-01,31
SMB,Czechia,2022-06-01,1
MPL,Gambia,2022-07-01,8
MPL,Grenada,2022-06-01,0
SMB,Portugal,2022-06-01,343
SMB,Jersey,2022-07-01,3
SMB,Switzerland,2022-09-01,2287
MPL,Nicaragua,2022-09-01,39
MPL,Czechia,2022-07-01,4
MPL,United Arab Emirates,2022-09-01,25041
SMB,Yemen,2022-06-01,1
SMB,Greece,2022-08-01,327
SMB,Sri Lanka,2022-09-01,46
MPL,Yemen,2022-07-01,41
MPL,Ireland,2022-08-01,14682
MPL,Philippines,2022-09-01,1426
SMB,Faroe Islands,2022-09-01,1
SMB,Jordan,2022-09-01,23
MPL,French Polynesia,2022-07-01,5
MPL,Sri Lanka,2022-08-01,1290
MPL,Angola,2022-07-01,135
SMB,Angola,2022-06-01,2
SMB,Philippines,2022-08-01,30
MPL,Faroe Islands,2022-08-01,35
SMB,Slovakia,2022-08-01,713
SMB,Germany,2022-09-01,25930
MPL,Antigua and Barbuda,2022-07-01,145
SMB,France,2022-06-01,23956
MPL,Kazakhstan,2022-09-01,87923
SMB,Barbados,2022-07-01,1
MPL,Switzerland,2022-08-01,67564
MPL,Poland,2022-09-01,86703
MPL,Estonia,2022-08-01,65284
MPL,Zimbabwe,2022-09-01,35
MPL,Mali,2022-08-01,57
MPL,Madagascar,2022-06-01,17
MPL,France,2022-07-01,465988
SMB,Congo (DRC),2022-07-01,2
MPL,Canada,2022-08-01,69606
MPL,Isle of Man,2022-06-01,120
SMB,Nicaragua,2022-08-01,3
SMB,Iceland,2022-08-01,26
SMB,Montenegro,2022-09-01,403
SMB,Cambodia,2022-08-01,6
MPL,South Sudan,2022-06-01,37
MPL,Brunei,2022-07-01,20
SMB,Pakistan,2022-07-01,21
SMB,Uruguay,2022-07-01,17
MPL,Niger,2022-09-01,6
MPL,Uruguay,2022-06-01,134
MPL,Egypt,2022-08-01,12081
MPL,Turkmenistan,2022-09-01,563
MPL,Qatar,2022-08-01,999
MPL,Suriname,2022-06-01,9
MPL,Lebanon,2022-07-01,300
SMB,Sudan,2022-07-01,1
SMB,Cyprus,2022-06-01,885
MPL,Cyprus,2022-07-01,10335
MPL,Aruba,2022-09-01,10
SMB,Lebanon,2022-06-01,3
MPL,Moldova,2022-09-01,8498
MPL,Sudan,2022-06-01,75
MPL,Slovenia,2022-07-01,1355
MPL,Chile,2022-09-01,632
MPL,Guinea-Bissau,2022-08-01,16
SMB,Ecuador,2022-06-01,12
SMB,Martinique,2022-08-01,1
SMB,Serbia,2022-07-01,1182
SMB,Argentina,2022-09-01,123
MPL,Saint Martin,2022-08-01,1
MPL,Iran,2022-08-01,377
MPL,Ecuador,2022-07-01,325
MPL,Mexico,2022-08-01,2906
SMB,Ethiopia,2022-09-01,12
MPL,Mongolia,2022-09-01,2953
MPL,Vietnam,2022-08-01,3443
MPL,Serbia,2022-06-01,14886
MPL,Malta,2022-09-01,486
MPL,Taiwan,2022-09-01,617
MPL,Croatia,2022-08-01,3044
MPL,Liechtenstein,2022-07-01,48
MPL,Guyana,2022-08-01,24
MPL,Mozambique,2022-06-01,33
SMB,Belarus,2022-07-01,2505
SMB,Benin,2022-07-01,1
MPL,Denmark,2022-07-01,19433
SMB,Denmark,2022-06-01,1126
MPL,Palestine,2022-09-01,83
SMB,Austria,2022-08-01,1110
SMB,Tanzania,2022-09-01,13
MPL,Benin,2022-06-01,25
MPL,Belarus,2022-06-01,53337
SMB,Panama,2022-07-01,12
MPL,Guernsey,2022-06-01,3
SMB,Luxembourg,2022-06-01,754
MPL,Brazil,2022-09-01,2859
MPL,Ghana,2022-08-01,131
MPL,Macedonia,2022-07-01,864
MPL,Panama,2022-06-01,219
MPL,Fiji,2022-07-01,4
MPL,Kuwait,2022-07-01,98
MPL,Bangladesh,2022-09-01,975
MPL,Netherlands,2022-06-01,618228
MPL,Togo,2022-09-01,38
SMB,Kuwait,2022-06-01,3
MPL,Iraq,2022-08-01,1014
SMB,Algeria,2022-09-01,12
SMB,Fiji,2022-06-01,1
MPL,El Salvador,2022-08-01,16
MPL,United States,2022-06-01,472507
SMB,San Marino,2022-07-01,6
SMB,Bangladesh,2022-08-01,5
MPL,Albania,2022-06-01,879
MPL,Gibraltar,2022-07-01,45
MPL,U.S. Virgin Islands,2022-06-01,4
MPL,Turkey,2022-08-01,193687
MPL,United Kingdom,2022-06-01,312579
MPL,Namibia,2022-07-01,55
MPL,Greenland,2022-06-01,36
MPL,Belize,2022-06-01,37
SMB,Bahamas,2022-08-01,3
SMB,Albania,2022-07-01,76
SMB,Uzbekistan,2022-06-01,873
MPL,Italy,2022-08-01,50232
MPL,Bahrain,2022-08-01,569
SMB,Belize,2022-07-01,3
MPL,Burundi,2022-08-01,15
SMB,Nepal,2022-08-01,4
MPL,China mainland,2022-07-01,1
MPL,Slovakia,2022-09-01,6810
MPL,Kyrgyzstan,2022-06-01,13659
MPL,China,2022-09-01,2310
SMB,Hong Kong,2022-06-01,214
MPL,Hungary,2022-09-01,11116
MPL,Finland,2022-09-01,213984
SMB,Senegal,2022-06-01,2
MPL,Cambodia,2022-09-01,289
SMB,Ukraine,2022-08-01,9088
SMB,Saudi Arabia,2022-06-01,902
MPL,Malawi,2022-08-01,5
MPL,Bolivia,2022-09-01,79
MPL,India,2022-07-01,14240
MPL,Sierra Leone,2022-09-01,4
MPL,Liberia,2022-08-01,7
SMB,Palestine,2022-08-01,1
MPL,Senegal,2022-07-01,49
MPL,Libya,2022-08-01,57
MPL,Mauritius,2022-07-01,218
MPL,Monaco,2022-08-01,288
SMB,India,2022-06-01,323
SMB,Oman,2022-09-01,27
SMB,Jamaica,2022-07-01,3
SMB,Tunisia,2022-06-01,12
MPL,Argentina,2022-08-01,2017
MPL,Martinique,2022-09-01,7
MPL,Djibouti,2022-07-01,7
SMB,Afghanistan,2022-06-01,5
MPL,Belgium,2022-08-01,58878
MPL,Myanmar (Burma),2022-08-01,59
MPL,Jamaica,2022-06-01,39
MPL,Malaysia,2022-07-01,2946
MPL,Tunisia,2022-07-01,448
MPL,Japan,2022-06-01,48929
SMB,Iceland,2022-09-01,32
SMB,Morocco,2022-07-01,21
MPL,Niger,2022-08-01,5
MPL,Australia,2022-06-01,6214
SMB,Montenegro,2022-08-01,483
MPL,South Africa,2022-06-01,9229
MPL,Haiti,2022-06-01,7
MPL,Morocco,2022-06-01,599
MPL,Cameroon,2022-07-01,52
MPL,Turkmenistan,2022-08-01,344
SMB,Tanzania,2022-08-01,13
MPL,Bermuda,2022-07-01,6
MPL,Dominica,2022-07-01,2
MPL,Egypt,2022-09-01,13166
SMB,Japan,2022-07-01,3329
MPL,Qatar,2022-09-01,949
MPL,Aruba,2022-08-01,6
MPL,Mongolia,2022-08-01,1828
SMB,Ethiopia,2022-08-01,4
MPL,Moldova,2022-08-01,10136
SMB,Georgia,2022-07-01,3389
MPL,Sri Lanka,2022-09-01,1006
SMB,Philippines,2022-09-01,40
MPL,Faroe Islands,2022-09-01,25
MPL,Georgia,2022-06-01,37876
SMB,Germany,2022-08-01,32662
MPL,?land Islands,2022-06-01,8
MPL,Kazakhstan,2022-08-01,69482
MPL,Portugal,2022-06-01,3353
MPL,Mali,2022-09-01,51
MPL,Estonia,2022-09-01,39132
MPL,Canada,2022-09-01,39483
MPL,Switzerland,2022-09-01,66252
MPL,Poland,2022-08-01,208196
MPL,Slovakia,2022-08-01,18491
MPL,Barbados,2022-07-01,5
SMB,Kazakhstan,2022-09-01,4449
MPL,Macau,2022-06-01,29
SMB,Isle of Man,2022-06-01,11
MPL,Congo (DRC),2022-07-01,56
SMB,Zimbabwe,2022-09-01,1
SMB,Madagascar,2022-06-01,2
SMB,Switzerland,2022-08-01,2134
MPL,Nicaragua,2022-08-01,38
MPL,British Virgin Islands,2022-07-01,20
SMB,Macau,2022-07-01,4
SMB,Greece,2022-09-01,272
MPL,Mauritania,2022-06-01,34
MPL,United Arab Emirates,2022-08-01,22371
SMB,Sri Lanka,2022-08-01,54
MPL,Philippines,2022-08-01,1270
SMB,Jordan,2022-08-01,25
MPL,New Caledonia,2022-07-01,1
MPL,Cura?ao,2022-07-01,3
MPL,Ireland,2022-09-01,6452
MPL,Dominican Republic,2022-08-01,388
MPL,Russia,2022-06-01,15194589
SMB,Suriname,2022-06-01,1
SMB,Bosnia and Herzegovina,2022-08-01,23
SMB,Nigeria,2022-08-01,5
SMB,Andorra,2022-07-01,29
MPL,Romania,2022-06-01,16497
SMB,Sweden,2022-09-01,8849
SMB,Romania,2022-07-01,991
MPL,Andorra,2022-06-01,503
SMB,Russia,2022-07-01,556396
SMB,Slovenia,2022-07-01,128
SMB,South Sudan,2022-06-01,1
MPL,Cambodia,2022-08-01,324
MPL,Pakistan,2022-07-01,208
MPL,Montenegro,2022-09-01,7285
SMB,Congo,2022-08-01,1
MPL,Latvia,2022-08-01,76256
SMB,French Polynesia,2022-08-01,1
MPL,Uganda,2022-09-01,2179
MPL,null,2022-09-01,2
SMB,Peru,2022-08-01,15
SMB,Turkmenistan,2022-09-01,4
SMB,Bhutan,2022-07-01,1
MPL,Bolivia,2022-08-01,98
MPL,Spain,2022-06-01,32136
MPL,Papua New Guinea,2022-09-01,5
SMB,Ukraine,2022-09-01,5314
MPL,Malawi,2022-09-01,2
MPL,Armenia,2022-07-01,33117
SMB,Liechtenstein,2022-07-01,3
MPL,Libya,2022-09-01,53
SMB,Armenia,2022-06-01,2173
MPL,Central African Republic,2022-09-01,60
MPL,Monaco,2022-09-01,189
MPL,Tanzania,2022-09-01,307
MPL,Bhutan,2022-06-01,7
MPL,Botswana,2022-07-01,28
SMB,Palestine,2022-09-01,1
MPL,Liberia,2022-09-01,2
SMB,Spain,2022-07-01,2275
MPL,Sierra Leone,2022-08-01,6
MPL,Argentina,2022-09-01,1959
MPL,Martinique,2022-08-01,7
SMB,Oman,2022-08-01,6
SMB,Mongolia,2022-09-01,174
MPL,Myanmar (Burma),2022-09-01,49
MPL,Belgium,2022-09-01,56502
MPL,Ethiopia,2022-09-01,188
SMB,Bangladesh,2022-09-01,9
MPL,Turkey,2022-09-01,208805
SMB,Netherlands,2022-06-01,34971
MPL,Burundi,2022-09-01,9
SMB,El Salvador,2022-08-01,1
MPL,Bahrain,2022-09-01,507
SMB,United States,2022-06-01,24684
SMB,Bahamas,2022-09-01,2
MPL,Italy,2022-09-01,46437
MPL,Laos,2022-06-01,46
SMB,Nepal,2022-09-01,13
MPL,Hungary,2022-08-01,11870
MPL,Finland,2022-08-01,203696
MPL,Luxembourg,2022-06-01,15082
SMB,Laos,2022-07-01,4
SMB,Macedonia,2022-07-01,76
MPL,China,2022-08-01,2017
SMB,Slovakia,2022-09-01,269
SMB,Israel,2022-07-01,941
SMB,Kyrgyzstan,2022-06-01,948
MPL,Israel,2022-06-01,14981
MPL,Brazil,2022-08-01,2812
MPL,Saint Kitts and Nevis,2022-07-01,6
MPL,Ghana,2022-09-01,114
MPL,Zimbabwe,2022-08-01,32
MPL,Hong Kong,2022-06-01,3251
MPL,Sint Maarten,2022-07-01,3
SMB,United Kingdom,2022-06-01,16347
SMB,Gabon,2022-09-01,3
SMB,Norway,2022-06-01,1166
MPL,Bangladesh,2022-08-01,1017
MPL,San Marino,2022-07-01,10
MPL,Togo,2022-08-01,41
SMB,Gibraltar,2022-07-01,3
SMB,Greenland,2022-06-01,1
MPL,Iraq,2022-09-01,816
SMB,Algeria,2022-08-01,15
MPL,Norway,2022-07-01,20304
MPL,El Salvador,2022-09-01,16
MPL,Uzbekistan,2022-06-01,16597
MPL,Afghanistan,2022-06-01,47
MPL,Guinea-Bissau,2022-09-01,7
MPL,Somalia,2022-06-01,6
MPL,S?o Tom? and Pr?ncipe,2022-07-01,0
MPL,Chile,2022-08-01,730
SMB,Argentina,2022-08-01,101
MPL,Vietnam,2022-09-01,3257
MPL,Iran,2022-09-01,1
SMB,Malaysia,2022-07-01,129
SMB,Myanmar (Burma),2022-08-01,0
MPL,Mexico,2022-09-01,3073
MPL,Malta,2022-08-01,532
MPL,Lesotho,2022-06-01,2
MPL,Chad,2022-06-01,7
MPL,Guyana,2022-09-01,16
MPL,Trinidad and Tobago,2022-06-01,16
MPL,Taiwan,2022-08-01,598
SMB,Cambodia,2022-09-01,10
MPL,Kenya,2022-07-01,128
MPL,Saudi Arabia,2022-06-01,18053
MPL,Croatia,2022-09-01,2419
SMB,Sierra Leone,2022-09-01,1
SMB,Mauritius,2022-07-01,23
MPL,Palestine,2022-08-01,121
SMB,Austria,2022-09-01,999
SMB,Kenya,2022-06-01,11
MPL,Singapore,2022-07-01,57440
SMB,Hungary,2022-07-01,449
SMB,China,2022-07-01,78
SMB,Finland,2022-07-01,12093
MPL,Laos,2022-08-01,66
MPL,Zimbabwe,2022-07-01,20
MPL,Hungary,2022-06-01,5942
MPL,Kyrgyzstan,2022-09-01,24056
SMB,Barbados,2022-09-01,1
MPL,China,2022-06-01,1094
SMB,Hong Kong,2022-09-01,489
MPL,Finland,2022-06-01,175692
MPL,Luxembourg,2022-08-01,20727
MPL,Belize,2022-09-01,46
MPL,United Kingdom,2022-09-01,467879
MPL,Albania,2022-09-01,862
SMB,Netherlands,2022-08-01,26301
MPL,Guam,2022-07-01,15
MPL,U.S. Virgin Islands,2022-09-01,1
MPL,Greenland,2022-09-01,33
SMB,United States,2022-08-01,18474
SMB,Uzbekistan,2022-09-01,1025
MPL,French Polynesia,2022-09-01,3
SMB,Namibia,2022-09-01,2
SMB,Oman,2022-06-01,3
SMB,Tunisia,2022-09-01,34
MPL,Slovenia,2022-09-01,1542
SMB,Afghanistan,2022-09-01,6
SMB,Malaysia,2022-08-01,108
MPL,Martinique,2022-06-01,9
SMB,Guinea-Bissau,2022-06-01,1
SMB,Tajikistan,2022-07-01,397
MPL,Oman,2022-07-01,142
SMB,Bulgaria,2022-06-01,1851
MPL,Jamaica,2022-09-01,39
MPL,Spain,2022-08-01,45247
MPL,Bolivia,2022-06-01,58
SMB,Saudi Arabia,2022-09-01,650
SMB,Senegal,2022-09-01,1
MPL,Bhutan,2022-08-01,7
SMB,Bolivia,2022-07-01,4
MPL,Caribbean Netherlands,2022-07-01,2
SMB,India,2022-09-01,419
SMB,Armenia,2022-08-01,1675
SMB,Pakistan,2022-09-01,6
MPL,Sierra Leone,2022-06-01,9
MPL,Saudi Arabia,2022-08-01,9696
MPL,Botswana,2022-08-01,43
MPL,Trinidad and Tobago,2022-08-01,13
MPL,Taiwan,2022-06-01,447
MPL,Mozambique,2022-09-01,30
MPL,Chad,2022-08-01,11
MPL,Ivory Coast,2022-07-01,69
SMB,Kenya,2022-08-01,28
MPL,Palestine,2022-06-01,46
SMB,Taiwan,2022-07-01,16
MPL,Benin,2022-09-01,36
MPL,Belarus,2022-09-01,69812
SMB,Denmark,2022-09-01,652
SMB,Argentina,2022-06-01,143
MPL,Afghanistan,2022-08-01,73
SMB,Ecuador,2022-09-01,8
MPL,Chile,2022-06-01,372
MPL,Somalia,2022-08-01,24
SMB,Malta,2022-07-01,33
SMB,Colombia,2022-06-01,26
MPL,French Guiana,2022-07-01,12
SMB,Chile,2022-07-01,19
SMB,Myanmar (Burma),2022-06-01,1
MPL,South Korea,2022-07-01,7911
MPL,Malta,2022-06-01,445
MPL,Serbia,2022-09-01,13565
MPL,Venezuela,2022-07-01,231
MPL,Netherlands,2022-09-01,639479
SMB,Norway,2022-08-01,782
MPL,Algeria,2022-07-01,502
SMB,United Kingdom,2022-08-01,19502
MPL,Togo,2022-06-01,26
SMB,Greenland,2022-08-01,2
MPL,Bangladesh,2022-06-01,837
MPL,United States,2022-09-01,407363
SMB,Fiji,2022-09-01,2
SMB,Togo,2022-07-01,2
MPL,Uzbekistan,2022-08-01,24741
SMB,Algeria,2022-06-01,27
SMB,Kuwait,2022-09-01,2
MPL,Costa Rica,2022-07-01,248
SMB,Brazil,2022-07-01,160
MPL,Comoros,2022-07-01,4
SMB,Czech Republic,2022-07-01,1131
SMB,Kyrgyzstan,2022-08-01,1001
MPL,Guatemala,2022-07-01,61
MPL,Hong Kong,2022-08-01,9894
MPL,Panama,2022-09-01,218
MPL,Brazil,2022-06-01,2534
MPL,Israel,2022-08-01,18735
MPL,Maldives,2022-06-01,2300
SMB,Luxembourg,2022-09-01,809
SMB,Poland,2022-07-01,9117
SMB,France,2022-09-01,14943
SMB,Lithuania,2022-07-01,1002
MPL,Kazakhstan,2022-06-01,38514
MPL,?land Islands,2022-08-01,36
SMB,Germany,2022-06-01,34205
MPL,Madagascar,2022-09-01,28
MPL,Germany,2022-07-01,813375
MPL,Slovakia,2022-07-01,15827
MPL,Isle of Man,2022-09-01,104
MPL,Barbados,2022-08-01,6
MPL,Kosovo,2022-07-01,5
SMB,Thailand,2022-06-01,923
MPL,Poland,2022-06-01,143919
MPL,Georgia,2022-08-01,58365
MPL,Cape Verde,2022-07-01,5
SMB,Angola,2022-09-01,3
SMB,Moldova,2022-07-01,418
MPL,Malaysia,2022-09-01,1752
MPL,East Timor,2022-06-01,1
SMB,Slovenia,2022-08-01,95
SMB,Cyprus,2022-09-01,738
SMB,Antigua and Barbuda,2022-07-01,6
MPL,Seychelles,2022-07-01,685
MPL,Aruba,2022-06-01,14
MPL,Moldova,2022-06-01,5808
MPL,Djibouti,2022-09-01,10
MPL,Sudan,2022-09-01,18
SMB,Lebanon,2022-09-01,6
SMB,Puerto Rico,2022-07-01,3
MPL,Australia,2022-08-01,9465
MPL,Guadeloupe,2022-07-01,5
MPL,South Africa,2022-08-01,23480
MPL,Haiti,2022-08-01,5
SMB,French Polynesia,2022-07-01,2
SMB,Montenegro,2022-06-01,622
MPL,Japan,2022-08-01,54105
MPL,South Sudan,2022-09-01,41
MPL,Niger,2022-06-01,4
MPL,Morocco,2022-08-01,1460
MPL,Turkmenistan,2022-06-01,61
MPL,Pakistan,2022-08-01,165
SMB,Azerbaijan,2022-07-01,701
MPL,Uruguay,2022-09-01,142
MPL,Cambodia,2022-07-01,251
MPL,Cameroon,2022-08-01,53
MPL,Peru,2022-07-01,265
SMB,Australia,2022-09-01,295
SMB,Tanzania,2022-07-01,21
SMB,Latvia,2022-07-01,3876
MPL,American Samoa,2022-09-01,1
MPL,Guinea,2022-07-01,100
SMB,South Africa,2022-09-01,261
SMB,United Arab Emirates,2022-09-01,1639
SMB,South Sudan,2022-08-01,1
MPL,Dominica,2022-08-01,3
SMB,New Zealand,2022-07-01,20
SMB,Peru,2022-06-01,22
MPL,Congo,2022-07-01,20
MPL,Latvia,2022-06-01,59335
SMB,Guinea,2022-06-01,1
SMB,Ethiopia,2022-07-01,1
MPL,Romania,2022-08-01,20775
SMB,Nigeria,2022-06-01,8
SMB,Bosnia and Herzegovina,2022-06-01,29
MPL,Dominican Republic,2022-06-01,446
MPL,Russia,2022-08-01,17182570
MPL,Mongolia,2022-07-01,1364
MPL,Nigeria,2022-07-01,513
MPL,Andorra,2022-08-01,365
MPL,U.S. Outlying Islands,2022-07-01,1
MPL,Swaziland,2022-09-01,7
SMB,Sri Lanka,2022-06-01,93
MPL,United Arab Emirates,2022-06-01,16095
SMB,Cura?ao,2022-08-01,1
MPL,Mauritania,2022-08-01,23
MPL,Jordan,2022-07-01,889
SMB,Yemen,2022-09-01,2
MPL,Philippines,2022-06-01,669
SMB,Paraguay,2022-06-01,4
SMB,Jordan,2022-06-01,18
MPL,Grenada,2022-09-01,2
SMB,Dominican Republic,2022-09-01,16
SMB,?land Islands,2022-09-01,2
MPL,Macau,2022-08-01,32
MPL,Jersey,2022-09-01,47
MPL,Bosnia and Herzegovina,2022-09-01,376
SMB,Isle of Man,2022-08-01,6
SMB,Switzerland,2022-06-01,1958
MPL,Indonesia,2022-07-01,7717
MPL,Nicaragua,2022-06-01,29
MPL,Monaco,2022-07-01,201
SMB,Spain,2022-09-01,2085
MPL,Mauritius,2022-08-01,248
MPL,Liberia,2022-07-01,5
MPL,Ukraine,2022-06-01,172603
MPL,Libya,2022-07-01,61
SMB,Palestine,2022-07-01,2
MPL,Senegal,2022-08-01,60
SMB,Liechtenstein,2022-09-01,3
SMB,Ivory Coast,2022-06-01,3
SMB,Liberia,2022-06-01,1
MPL,Armenia,2022-09-01,38488
SMB,Monaco,2022-06-01,14
MPL,India,2022-08-01,21352
SMB,Libya,2022-06-01,2
SMB,Ukraine,2022-07-01,11075
MPL,Malawi,2022-07-01,4
SMB,Colombia,2022-07-01,29
MPL,Belgium,2022-07-01,30186
SMB,South Korea,2022-06-01,195
MPL,Tunisia,2022-08-01,720
MPL,Myanmar (Burma),2022-07-01,42
SMB,Jamaica,2022-08-01,4
MPL,Argentina,2022-07-01,1649
MPL,Saint Barth?lemy,2022-08-01,1
SMB,Belgium,2022-06-01,3925
SMB,Albania,2022-08-01,53
MPL,Burundi,2022-07-01,4
MPL,R?union,2022-06-01,8
SMB,Bahamas,2022-07-01,6
MPL,Bahrain,2022-07-01,603
MPL,Italy,2022-07-01,40061
SMB,Belize,2022-08-01,2
SMB,Turkey,2022-06-01,8856
SMB,Bahrain,2022-06-01,17
MPL,Bahamas,2022-06-01,168
MPL,Gibraltar,2022-08-01,64
SMB,Italy,2022-06-01,4451
SMB,Portugal,2022-09-01,330
MPL,Turkey,2022-07-01,158135
SMB,San Marino,2022-08-01,3
MPL,Maldives,2022-07-01,3181
SMB,Venezuela,2022-06-01,12
MPL,Namibia,2022-08-01,74
SMB,Bangladesh,2022-07-01,8
SMB,Macedonia,2022-09-01,35
SMB,Guatemala,2022-06-01,3
MPL,Nepal,2022-06-01,145
SMB,Laos,2022-09-01,2
MPL,Cayman Islands,2022-06-01,8
SMB,Costa Rica,2022-06-01,15
SMB,Nepal,2022-07-01,8
MPL,Czech Republic,2022-06-01,17165
MPL,Ghana,2022-07-01,195
MPL,Saint Kitts and Nevis,2022-09-01,4
MPL,Macedonia,2022-08-01,1225
MPL,Sint Maarten,2022-09-01,5
SMB,Panama,2022-08-01,9
SMB,Ghana,2022-06-01,17
SMB,Singapore,2022-06-01,3174
SMB,Israel,2022-09-01,820
MPL,El Salvador,2022-07-01,16
MPL,Gabon,2022-06-01,17
MPL,Iraq,2022-07-01,802
MPL,Zimbabwe,2022-06-01,17
MPL,Norway,2022-09-01,13617
MPL,Kuwait,2022-08-01,129
SMB,Gabon,2022-07-01,1
SMB,Iraq,2022-06-01,13
SMB,Gibraltar,2022-09-01,4
MPL,Fiji,2022-08-01,7
MPL,San Marino,2022-09-01,20
MPL,Iran,2022-07-01,480
MPL,Mexico,2022-07-01,2851
MPL,Zambia,2022-06-01,127
MPL,Ecuador,2022-08-01,441
MPL,Tajikistan,2022-06-01,6814
MPL,Vietnam,2022-07-01,3079
SMB,Serbia,2022-08-01,867
SMB,Mexico,2022-06-01,177
MPL,Guinea-Bissau,2022-07-01,10
SMB,Vietnam,2022-06-01,139
MPL,S?o Tom? and Pr?ncipe,2022-09-01,5
SMB,Iran,2022-06-01,22
SMB,Martinique,2022-07-01,1
SMB,Croatia,2022-06-01,147
SMB,Mauritius,2022-09-01,21
SMB,Austria,2022-07-01,1472
SMB,Guyana,2022-06-01,1
SMB,Benin,2022-08-01,1
MPL,Croatia,2022-07-01,2203
SMB,Bulgaria,2022-07-01,2043
MPL,Guyana,2022-07-01,25
MPL,Kenya,2022-09-01,160
MPL,Liechtenstein,2022-08-01,68
SMB,Belarus,2022-08-01,1941
MPL,Austria,2022-06-01,20285
MPL,Denmark,2022-08-01,22779
MPL,Equatorial Guinea,2022-06-01,16
MPL,Suriname,2022-09-01,4
SMB,Japan,2022-09-01,1186
MPL,Mongolia,2022-06-01,938
SMB,Ethiopia,2022-06-01,1
MPL,New Zealand,2022-06-01,572
MPL,Iceland,2022-06-01,402
MPL,Bermuda,2022-09-01,7
MPL,Egypt,2022-07-01,8866
SMB,Iceland,2022-07-01,40
SMB,Morocco,2022-09-01,47
SMB,Egypt,2022-06-01,375
SMB,Uruguay,2022-08-01,8
MPL,Eritrea,2022-07-01,1
MPL,Brunei,2022-08-01,20
MPL,Cyprus,2022-08-01,12330
SMB,Qatar,2022-06-01,38
SMB,Tanzania,2022-06-01,8
MPL,Lebanon,2022-08-01,431
MPL,Burkina Faso,2022-06-01,19
MPL,Qatar,2022-07-01,867
SMB,Philippines,2022-07-01,45
MPL,Faroe Islands,2022-07-01,32
MPL,Angola,2022-08-01,156
MPL,Guernsey,2022-09-01,5
SMB,Georgia,2022-09-01,3137
MPL,Portugal,2022-08-01,5008
MPL,Sri Lanka,2022-07-01,1176
SMB,Congo (DRC),2022-08-01,4
MPL,Estonia,2022-07-01,51551
MPL,Canada,2022-07-01,43216
MPL,Mali,2022-07-01,54
SMB,Nicaragua,2022-07-01,3
SMB,Indonesia,2022-06-01,896
MPL,France,2022-08-01,635726
MPL,Switzerland,2022-07-01,44051
MPL,Antigua and Barbuda,2022-08-01,27
SMB,Paraguay,2022-07-01,2
SMB,Estonia,2022-06-01,3142
SMB,Canada,2022-06-01,1179
SMB,Jersey,2022-08-01,2
MPL,British Virgin Islands,2022-09-01,23
SMB,Macau,2022-09-01,3
MPL,Congo (DRC),2022-09-01,55
MPL,Czechia,2022-08-01,3
SMB,Kazakhstan,2022-07-01,2934
MPL,Lithuania,2022-06-01,14684
MPL,Gambia,2022-08-01,5
MPL,Yemen,2022-08-01,39
MPL,Ireland,2022-07-01,14181
SMB,Cape Verde,2022-06-01,1
MPL,Cura?ao,2022-09-01,3
MPL,New Caledonia,2022-09-01,4
MPL,Greece,2022-06-01,5127
MPL,Slovakia,2022-06-01,6648
SMB,Thailand,2022-07-01,779
SMB,Ireland,2022-06-01,764
SMB,Greece,2022-07-01,428
SMB,Romania,2022-09-01,510
SMB,Russia,2022-09-01,503686
SMB,Sweden,2022-07-01,13477
MPL,Cuba,2022-08-01,105
SMB,Seychelles,2022-06-01,55
SMB,Syria,2022-08-01,5
MPL,Cambodia,2022-06-01,237
MPL,Sweden,2022-06-01,220922
SMB,Andorra,2022-09-01,27
MPL,Uganda,2022-07-01,149
MPL,Azerbaijan,2022-06-01,6423
SMB,Rwanda,2022-07-01,1
SMB,Turkmenistan,2022-07-01,3
MPL,null,2022-07-01,6
MPL,Puerto Rico,2022-06-01,84
MPL,Rwanda,2022-06-01,19
SMB,Uganda,2022-06-01,10
MPL,Montenegro,2022-07-01,7093
MPL,Isle of Man,2022-07-01,90
SMB,Indonesia,2022-08-01,667
SMB,Congo (DRC),2022-06-01,2
MPL,Germany,2022-09-01,794822
MPL,France,2022-06-01,482199
MPL,Kosovo,2022-09-01,12
MPL,Madagascar,2022-07-01,25
SMB,Canada,2022-08-01,1816
MPL,Antigua and Barbuda,2022-06-01,90
SMB,Estonia,2022-08-01,2633
SMB,Lithuania,2022-09-01,858
SMB,Poland,2022-09-01,3105
SMB,France,2022-07-01,22213
MPL,Barbados,2022-06-01,5
SMB,Angola,2022-07-01,2
SMB,Thailand,2022-08-01,588
MPL,Cape Verde,2022-09-01,8
MPL,Honduras,2022-09-01,24
MPL,Angola,2022-06-01,126
SMB,Qatar,2022-08-01,37
MPL,Sudan,2022-07-01,97
SMB,Lebanon,2022-07-01,6
MPL,Pakistan,2022-06-01,110
MPL,Cyprus,2022-06-01,9566
SMB,Cyprus,2022-07-01,904
MPL,Lebanon,2022-06-01,195
SMB,Aruba,2022-09-01,1
SMB,Moldova,2022-09-01,325
MPL,Seychelles,2022-09-01,849
SMB,Antigua and Barbuda,2022-09-01,2
MPL,Burkina Faso,2022-08-01,25
MPL,New Zealand,2022-08-01,617
MPL,Uruguay,2022-07-01,127
SMB,Azerbaijan,2022-09-01,803
MPL,Iceland,2022-08-01,466
MPL,Bulgaria,2022-09-01,19927
SMB,Suriname,2022-07-01,1
SMB,Slovenia,2022-06-01,119
MPL,Brunei,2022-06-01,26
SMB,Egypt,2022-08-01,378
SMB,Uruguay,2022-06-01,16
MPL,Guadeloupe,2022-09-01,1
MPL,South Sudan,2022-07-01,48
MPL,Congo,2022-09-01,37
MPL,Azerbaijan,2022-08-01,13194
MPL,Saint Lucia,2022-07-01,3
MPL,Colombia,2022-09-01,771
SMB,New Zealand,2022-09-01,14
SMB,South Africa,2022-07-01,1046
SMB,United Arab Emirates,2022-07-01,1300
SMB,Uganda,2022-08-01,18
MPL,Guinea,2022-09-01,123
MPL,Rwanda,2022-08-01,22
SMB,Australia,2022-07-01,357
SMB,Latvia,2022-09-01,2347
MPL,Puerto Rico,2022-08-01,33
MPL,Peru,2022-09-01,240
MPL,Cuba,2022-06-01,128
MPL,Syria,2022-07-01,516
MPL,Nigeria,2022-09-01,262
SMB,Seychelles,2022-08-01,45
MPL,Dominica,2022-06-01,1
SMB,Syria,2022-06-01,5
SMB,Cuba,2022-07-01,4
MPL,Cameroon,2022-06-01,29
MPL,Sweden,2022-08-01,345034
SMB,Maldives,2022-09-01,406
MPL,Greece,2022-08-01,6863
SMB,Cape Verde,2022-08-01,2
MPL,Yemen,2022-06-01,16
MPL,Portugal,2022-07-01,3930
MPL,Jordan,2022-09-01,1137
SMB,Ireland,2022-08-01,508
MPL,Turks and Caicos Islands,2022-09-01,1
MPL,Swaziland,2022-07-01,1
SMB,Yemen,2022-07-01,1
SMB,Jersey,2022-06-01,5
MPL,Indonesia,2022-09-01,8142
SMB,Paraguay,2022-08-01,4
MPL,St. Vincent & Grenadines,2022-09-01,5
MPL,Jersey,2022-07-01,51
SMB,?land Islands,2022-07-01,1
MPL,Gambia,2022-06-01,4
MPL,Grenada,2022-07-01,1
SMB,Dominican Republic,2022-07-01,24
SMB,Czechia,2022-07-01,1
MPL,Lithuania,2022-08-01,21548
MPL,Bosnia and Herzegovina,2022-07-01,363
MPL,Nepal,2022-08-01,149
SMB,Hong Kong,2022-07-01,202
SMB,Guatemala,2022-08-01,1
MPL,Kyrgyzstan,2022-07-01,19791
SMB,China,2022-09-01,76
SMB,Costa Rica,2022-08-01,14
SMB,Finland,2022-09-01,8460
MPL,Cayman Islands,2022-08-01,9
MPL,Singapore,2022-09-01,34380
SMB,Hungary,2022-09-01,405
MPL,Czech Republic,2022-08-01,24076
SMB,Uzbekistan,2022-07-01,838
SMB,Belize,2022-06-01,4
SMB,Turkey,2022-08-01,7574
SMB,Albania,2022-06-01,76
MPL,R?union,2022-08-01,7
MPL,Thailand,2022-09-01,11322
SMB,Bahrain,2022-08-01,8
SMB,Venezuela,2022-08-01,11
MPL,Bahamas,2022-08-01,89
MPL,Guam,2022-09-01,13
MPL,U.S. Virgin Islands,2022-07-01,4
MPL,Namibia,2022-06-01,41
MPL,Albania,2022-07-01,839
MPL,Greenland,2022-07-01,19
MPL,United Kingdom,2022-07-01,431745
MPL,Belize,2022-07-01,39
SMB,Italy,2022-08-01,1918
MPL,Gibraltar,2022-06-01,52
SMB,San Marino,2022-06-01,3
SMB,South Korea,2022-08-01,232
MPL,Tunisia,2022-06-01,226
MPL,Jamaica,2022-07-01,47
SMB,Tajikistan,2022-09-01,405
MPL,Oman,2022-09-01,841
SMB,Afghanistan,2022-07-01,6
SMB,Belgium,2022-08-01,1726
SMB,Tunisia,2022-07-01,11
SMB,Jamaica,2022-06-01,2
MPL,Ukraine,2022-08-01,258399
SMB,India,2022-07-01,498
SMB,Bolivia,2022-09-01,2
MPL,Senegal,2022-06-01,42
SMB,Bulgaria,2022-08-01,1478
MPL,Mauritius,2022-06-01,194
SMB,Monaco,2022-08-01,21
SMB,Saudi Arabia,2022-07-01,964
MPL,India,2022-06-01,8213
SMB,Senegal,2022-07-01,1
SMB,Malaysia,2022-06-01,106
SMB,Ivory Coast,2022-08-01,1
SMB,Libya,2022-08-01,2
MPL,Belarus,2022-07-01,69093
SMB,Croatia,2022-08-01,163
SMB,Colombia,2022-08-01,21
SMB,Denmark,2022-07-01,1295
MPL,Benin,2022-07-01,23
SMB,Taiwan,2022-09-01,25
MPL,Ivory Coast,2022-09-01,57
MPL,Equatorial Guinea,2022-08-01,43
SMB,Benin,2022-06-01,1
MPL,Austria,2022-08-01,27529
MPL,Liechtenstein,2022-06-01,66
SMB,Belarus,2022-06-01,2114
MPL,Denmark,2022-06-01,16567
MPL,Mozambique,2022-07-01,31
MPL,South Korea,2022-09-01,8859
SMB,Chile,2022-09-01,21
MPL,Ecuador,2022-06-01,303
MPL,Vanuatu,2022-09-01,1
MPL,French Guiana,2022-09-01,6
MPL,Zambia,2022-08-01,78
MPL,Tajikistan,2022-08-01,12199
MPL,Saint Barth?lemy,2022-07-01,2
MPL,Serbia,2022-07-01,16603
SMB,Serbia,2022-06-01,1156
SMB,Mexico,2022-08-01,127
SMB,Ecuador,2022-07-01,5
SMB,Iran,2022-08-01,11
SMB,Malta,2022-09-01,18
SMB,Vietnam,2022-08-01,115
MPL,Botswana,2022-06-01,13
MPL,Maldives,2022-08-01,4324
SMB,Togo,2022-09-01,1
MPL,North Korea,2022-08-01,1
MPL,United States,2022-07-01,514195
MPL,Gabon,2022-08-01,24
SMB,Fiji,2022-07-01,1
SMB,Kuwait,2022-07-01,2
MPL,Netherlands,2022-07-01,792810
MPL,Fiji,2022-06-01,5
MPL,Venezuela,2022-09-01,248
MPL,Algeria,2022-09-01,507
SMB,Iraq,2022-08-01,2
MPL,Kuwait,2022-06-01,90
MPL,Samoa,2022-08-01,1
SMB,Luxembourg,2022-07-01,635
MPL,Guatemala,2022-09-01,47
MPL,Panama,2022-07-01,253
MPL,Paraguay,2022-09-01,69
MPL,Macedonia,2022-06-01,525
MPL,Costa Rica,2022-09-01,236
SMB,Brazil,2022-09-01,127
SMB,Panama,2022-06-01,11
SMB,Czech Republic,2022-09-01,711
MPL,Comoros,2022-09-01,2
SMB,Ghana,2022-08-01,2
SMB,Singapore,2022-08-01,2407
SMB,Cayman Islands,2022-09-01,1
MPL,Thailand,2022-08-01,9802
SMB,Cape Verde,2022-09-01,1
MPL,Cura?ao,2022-06-01,5
MPL,Greece,2022-09-01,5464
MPL,New Caledonia,2022-06-01,1
MPL,Jordan,2022-08-01,1143
MPL,U.S. Outlying Islands,2022-08-01,1
SMB,Ireland,2022-09-01,182
MPL,Mauritania,2022-07-01,37
MPL,French Polynesia,2022-06-01,7
MPL,Congo (DRC),2022-06-01,36
SMB,Madagascar,2022-07-01,2
SMB,Macau,2022-06-01,1
MPL,British Virgin Islands,2022-06-01,10
MPL,Indonesia,2022-08-01,8171
SMB,Isle of Man,2022-07-01,9
MPL,Macau,2022-07-01,24
MPL,Lithuania,2022-09-01,21147
MPL,Azerbaijan,2022-09-01,15834
SMB,Bulgaria,2022-09-01,1030
MPL,Suriname,2022-07-01,6
SMB,New Zealand,2022-08-01,24
MPL,Congo,2022-08-01,47
MPL,Peru,2022-08-01,272
MPL,Puerto Rico,2022-09-01,10
MPL,Slovenia,2022-06-01,1162
SMB,South Sudan,2022-07-01,2
MPL,Guinea,2022-08-01,119
SMB,Uganda,2022-09-01,61
MPL,Rwanda,2022-09-01,15
SMB,Latvia,2022-08-01,3094
SMB,Russia,2022-06-01,553599
MPL,Andorra,2022-07-01,325
SMB,Romania,2022-06-01,977
SMB,Pakistan,2022-06-01,10
MPL,Nigeria,2022-08-01,345
SMB,Andorra,2022-06-01,41
MPL,Sweden,2022-09-01,252143
MPL,Romania,2022-07-01,16992
MPL,Russia,2022-07-01,15837005
SMB,Seychelles,2022-09-01,50
SMB,Qatar,2022-09-01,38
MPL,Burkina Faso,2022-09-01,16
MPL,Seychelles,2022-08-01,835
SMB,Moldova,2022-08-01,388
SMB,Antigua and Barbuda,2022-08-01,1
SMB,Aruba,2022-08-01,2
SMB,Cameroon,2022-06-01,1
SMB,Japan,2022-06-01,2830
MPL,Morocco,2022-07-01,1105
SMB,Colombia,2022-09-01,28
MPL,Bermuda,2022-06-01,8
SMB,Azerbaijan,2022-08-01,622
MPL,Iceland,2022-09-01,432
MPL,New Zealand,2022-09-01,536
SMB,Bermuda,2022-07-01,1
MPL,Australia,2022-07-01,6419
SMB,Egypt,2022-09-01,565
MPL,Haiti,2022-07-01,4
MPL,Japan,2022-07-01,59757
MPL,Guadeloupe,2022-08-01,3
SMB,Morocco,2022-06-01,24
MPL,South Africa,2022-07-01,19553
SMB,Puerto Rico,2022-08-01,2
MPL,Germany,2022-08-01,1061534
MPL,Paraguay,2022-08-01,62
SMB,Indonesia,2022-09-01,656
MPL,Kosovo,2022-08-01,9
SMB,Poland,2022-08-01,6689
MPL,?land Islands,2022-07-01,13
SMB,Canada,2022-09-01,1223
SMB,Estonia,2022-09-01,1716
SMB,Lithuania,2022-08-01,789
MPL,Maldives,2022-09-01,4273
MPL,Georgia,2022-07-01,47704
SMB,Portugal,2022-07-01,401
MPL,Cape Verde,2022-08-01,8
SMB,Georgia,2022-06-01,3026
MPL,Gabon,2022-09-01,22
SMB,Thailand,2022-09-01,719
SMB,Togo,2022-08-01,1
MPL,Uzbekistan,2022-07-01,20556
MPL,Norway,2022-06-01,19624
SMB,United Kingdom,2022-07-01,20839
SMB,Greenland,2022-07-01,1
MPL,San Marino,2022-06-01,7
MPL,Algeria,2022-08-01,593
SMB,Iraq,2022-09-01,12
MPL,Venezuela,2022-08-01,269
SMB,Gibraltar,2022-06-01,6
MPL,Honduras,2022-08-01,33
SMB,Norway,2022-07-01,1076
MPL,Saint Kitts and Nevis,2022-06-01,6
MPL,Hong Kong,2022-07-01,3797
MPL,Israel,2022-07-01,15348
SMB,Kyrgyzstan,2022-07-01,1200
MPL,Sint Maarten,2022-06-01,7
MPL,Guatemala,2022-08-01,57
MPL,Costa Rica,2022-08-01,264
SMB,Singapore,2022-09-01,1273
SMB,Ghana,2022-09-01,6
SMB,Czech Republic,2022-08-01,830
MPL,Comoros,2022-08-01,4
SMB,Brazil,2022-08-01,101
SMB,Israel,2022-06-01,1021
SMB,Taiwan,2022-08-01,19
SMB,Croatia,2022-09-01,139
MPL,Djibouti,2022-06-01,10
MPL,Bulgaria,2022-08-01,33622
SMB,Mauritius,2022-06-01,20
SMB,Kenya,2022-07-01,14
MPL,Malaysia,2022-06-01,1742
MPL,Saudi Arabia,2022-07-01,18561
MPL,Trinidad and Tobago,2022-07-01,17
MPL,Chad,2022-07-01,8
MPL,Austria,2022-09-01,25222
MPL,Ivory Coast,2022-08-01,87
MPL,Kenya,2022-06-01,110
MPL,Equatorial Guinea,2022-09-01,28
MPL,Tajikistan,2022-09-01,11074
MPL,Zambia,2022-09-01,47
MPL,South Korea,2022-08-01,9862
MPL,French Guiana,2022-08-01,8
SMB,Chile,2022-08-01,18
MPL,Afghanistan,2022-07-01,57
SMB,Vietnam,2022-09-01,144
MPL,Somalia,2022-07-01,16
SMB,Malta,2022-08-01,24
SMB,Mexico,2022-09-01,119
MPL,S?o Tom? and Pr?ncipe,2022-06-01,1
SMB,Tajikistan,2022-08-01,353
MPL,Oman,2022-08-01,227
SMB,South Korea,2022-09-01,234
SMB,Belgium,2022-09-01,1780
SMB,Botswana,2022-06-01,0
MPL,Caribbean Netherlands,2022-08-01,1
SMB,Armenia,2022-07-01,2090
MPL,Bhutan,2022-07-01,3
SMB,Bolivia,2022-08-01,1
MPL,Ukraine,2022-09-01,158052
MPL,Colombia,2022-08-01,908
SMB,Spain,2022-06-01,2245
MPL,Spain,2022-07-01,33682
SMB,Liechtenstein,2022-06-01,4
SMB,Ivory Coast,2022-09-01,5
SMB,Bhutan,2022-06-01,2
SMB,Monaco,2022-09-01,13
MPL,Falkland Islands,2022-07-01,1
MPL,Armenia,2022-06-01,28003
SMB,Libya,2022-09-01,1
MPL,Luxembourg,2022-07-01,14212
MPL,Nepal,2022-09-01,181
SMB,Guatemala,2022-09-01,1
SMB,Macedonia,2022-06-01,44
SMB,Paraguay,2022-09-01,3
SMB,Laos,2022-06-01,4
SMB,China,2022-08-01,62
SMB,Hungary,2022-08-01,469
MPL,St. Vincent & Grenadines,2022-08-01,5
MPL,Cayman Islands,2022-09-01,11
SMB,Finland,2022-08-01,7900
SMB,Costa Rica,2022-09-01,6
MPL,Laos,2022-07-01,44
MPL,Singapore,2022-08-01,74909
MPL,Czech Republic,2022-09-01,18835
MPL,Guernsey,2022-07-01,5
SMB,Maldives,2022-08-01,364
MPL,Solomon Islands,2022-08-01,1
MPL,R?union,2022-09-01,8
SMB,Turkey,2022-09-01,8882
SMB,United States,2022-07-01,25979
MPL,Bahamas,2022-09-01,65
SMB,Italy,2022-09-01,1892
SMB,Netherlands,2022-07-01,40493
MPL,Guam,2022-08-01,16
SMB,Bahrain,2022-09-01,11
SMB,Venezuela,2022-09-01,11
MPL,Malta,2022-07-01,486
SMB,Chile,2022-06-01,25
MPL,Ecuador,2022-09-01,364
MPL,French Guiana,2022-06-01,12
SMB,Myanmar (Burma),2022-07-01,1
MPL,South Korea,2022-06-01,6302
MPL,S?o Tom? and Pr?ncipe,2022-08-01,1
MPL,Chile,2022-07-01,458
SMB,Argentina,2022-07-01,119
SMB,Serbia,2022-09-01,654
SMB,Malta,2022-06-01,33
SMB,Mauritius,2022-08-01,18
SMB,Taiwan,2022-06-01,26
MPL,Palestine,2022-07-01,90
MPL,Falkland Islands,2022-08-01,1
SMB,Belarus,2022-09-01,1882
MPL,Ivory Coast,2022-06-01,54
MPL,Denmark,2022-09-01,13993
MPL,Kenya,2022-08-01,260
MPL,Colombia,2022-07-01,702
MPL,Liechtenstein,2022-09-01,74
MPL,Taiwan,2022-07-01,437
MPL,Macedonia,2022-09-01,825
MPL,St. Vincent & Grenadines,2022-07-01,4
MPL,Sint Maarten,2022-08-01,7
MPL,Saint Kitts and Nevis,2022-08-01,6
MPL,Brazil,2022-07-01,2706
MPL,Guatemala,2022-06-01,61
SMB,Brazil,2022-06-01,155
SMB,Panama,2022-09-01,11
SMB,Czech Republic,2022-06-01,1071
MPL,Comoros,2022-06-01,4
MPL,Costa Rica,2022-06-01,240
SMB,Israel,2022-08-01,796
SMB,Algeria,2022-07-01,10
MPL,Norway,2022-08-01,23165
MPL,Turks and Caicos Islands,2022-07-01,3
SMB,Togo,2022-06-01,1
SMB,Maldives,2022-07-01,413
MPL,Algeria,2022-06-01,447
MPL,Portugal,2022-09-01,5357
SMB,Gibraltar,2022-08-01,6
MPL,San Marino,2022-08-01,18
MPL,Venezuela,2022-06-01,250
MPL,Kuwait,2022-09-01,101
MPL,Guernsey,2022-08-01,8
MPL,Togo,2022-07-01,35
MPL,Bangladesh,2022-07-01,900
MPL,Fiji,2022-09-01,7
MPL,Honduras,2022-07-01,24
SMB,Belize,2022-09-01,2
MPL,Solomon Islands,2022-06-01,2
SMB,Albania,2022-09-01,43
MPL,Guam,2022-06-01,14
MPL,Namibia,2022-09-01,73
SMB,San Marino,2022-09-01,3
MPL,Gibraltar,2022-09-01,50
MPL,Hungary,2022-07-01,7293
MPL,Finland,2022-07-01,205447
SMB,Macedonia,2022-08-01,47
MPL,China,2022-07-01,1439
SMB,Laos,2022-08-01,2
SMB,Hungary,2022-06-01,470
SMB,China,2022-06-01,62
SMB,Finland,2022-06-01,11761
MPL,Singapore,2022-06-01,55309
MPL,Sierra Leone,2022-07-01,5
MPL,Mauritius,2022-09-01,269
SMB,Bolivia,2022-06-01,5
SMB,Spain,2022-08-01,1902
MPL,Senegal,2022-09-01,46
MPL,Caribbean Netherlands,2022-06-01,1
SMB,Bhutan,2022-08-01,1
MPL,Bolivia,2022-07-01,79
MPL,Bulgaria,2022-07-01,29799
MPL,Armenia,2022-08-01,38030
MPL,India,2022-09-01,15319
SMB,Liechtenstein,2022-08-01,1
MPL,Oman,2022-06-01,98
MPL,Tunisia,2022-09-01,552
SMB,Tajikistan,2022-06-01,285
SMB,Jamaica,2022-09-01,2
SMB,Oman,2022-07-01,7
MPL,Martinique,2022-07-01,7
SMB,Romania,2022-08-01,702
MPL,Nigeria,2022-06-01,291
MPL,Tanzania,2022-06-01,120
SMB,Russia,2022-08-01,511609
MPL,Central African Republic,2022-06-01,53
MPL,Dominican Republic,2022-07-01,391
MPL,Papua New Guinea,2022-06-01,7
SMB,Bosnia and Herzegovina,2022-07-01,14
SMB,Andorra,2022-08-01,25
SMB,Nigeria,2022-07-01,11
SMB,Guinea,2022-07-01,2
MPL,Ethiopia,2022-06-01,51
SMB,Mongolia,2022-06-01,53
MPL,Latvia,2022-07-01,63697
MPL,Congo,2022-06-01,23
SMB,New Zealand,2022-06-01,20
SMB,Peru,2022-07-01,15
MPL,Guinea,2022-06-01,101
SMB,Latvia,2022-06-01,3900
MPL,Peru,2022-06-01,275
SMB,Congo,2022-07-01,1
MPL,Indonesia,2022-06-01,7891
SMB,Macau,2022-08-01,2
MPL,British Virgin Islands,2022-08-01,28
MPL,Nicaragua,2022-07-01,36
MPL,Congo (DRC),2022-08-01,91
SMB,Switzerland,2022-07-01,2402
MPL,Gambia,2022-09-01,2
MPL,Paraguay,2022-07-01,63
SMB,Jordan,2022-07-01,23
MPL,Philippines,2022-07-01,908
MPL,Cura?ao,2022-08-01,5
MPL,New Caledonia,2022-08-01,2
MPL,Yemen,2022-09-01,27
SMB,Sri Lanka,2022-07-01,72
MPL,Jordan,2022-06-01,392
SMB,Portugal,2022-08-01,305
SMB,Guernsey,2022-09-01,1
MPL,United Arab Emirates,2022-07-01,16813
MPL,Cape Verde,2022-06-01,5
SMB,Georgia,2022-08-01,2722
SMB,Slovakia,2022-06-01,486
MPL,Angola,2022-09-01,133
MPL,Thailand,2022-07-01,8952
MPL,Kosovo,2022-06-01,8
SMB,Congo (DRC),2022-09-01,1
MPL,Poland,2022-07-01,174944
MPL,Germany,2022-06-01,646381
MPL,France,2022-09-01,467998
SMB,Poland,2022-06-01,8050
MPL,Kazakhstan,2022-07-01,57341
MPL,Antigua and Barbuda,2022-09-01,40
SMB,Lithuania,2022-06-01,940
SMB,Germany,2022-07-01,39557
SMB,Kosovo,2022-07-01,2
MPL,Bermuda,2022-08-01,8
MPL,Turkmenistan,2022-07-01,31
SMB,Japan,2022-08-01,1909
SMB,Azerbaijan,2022-06-01,439
MPL,Suriname,2022-08-01,5
SMB,Puerto Rico,2022-06-01,7
SMB,Uruguay,2022-09-01,9
MPL,Niger,2022-07-01,5
MPL,Brunei,2022-09-01,21
SMB,Morocco,2022-08-01,16
MPL,Guadeloupe,2022-06-01,2
SMB,Montenegro,2022-07-01,596
MPL,Moldova,2022-07-01,7217
MPL,Aruba,2022-07-01,4
MPL,Cyprus,2022-09-01,12487
SMB,Antigua and Barbuda,2022-06-01,6
MPL,Seychelles,2022-06-01,595
SMB,Cambodia,2022-06-01,7
MPL,East Timor,2022-07-01,1
MPL,Lebanon,2022-09-01,280
SMB,Moldova,2022-06-01,349
